{"cameraMode":{"drawMode":0,"name":"Shaded","section":"Shading Mode"},"sceneLighting":false,"audioPlay":false,"sceneViewState":{"showFog":false,"showMaterialUpdate":false,"showSkybox":true,"showFlares":false,"showImageEffects":false,"showParticleSystems":false},"in2DMode":false,"pivot":{"x":-0.862060546875,"y":0.3017498254776001,"z":-0.6873599290847778},"rotation":{"x":-0.0008279140456579626,"y":0.7232391238212586,"z":-0.6905967593193054,"w":-0.0008668198715895414},"size":2.286306858062744,"orthographic":false}