{"cameraMode":{"drawMode":0,"name":"Shaded","section":"Shading Mode"},"sceneLighting":true,"audioPlay":false,"sceneViewState":{"showFog":false,"showMaterialUpdate":false,"showSkybox":true,"showFlares":false,"showImageEffects":false,"showParticleSystems":false},"in2DMode":false,"pivot":{"x":-0.38062408566474917,"y":-5.690511703491211,"z":0.8694198131561279},"rotation":{"x":0.6436840295791626,"y":-0.004597237799316645,"z":0.0038667593616992237,"w":0.7652678489685059},"size":18.856245040893556,"orthographic":false}